timestamp,open,high,low,close,volume
2025-12-03 04:24:16.308408,100.38202392673728,100.57699286650536,100.15556796230172,100.45064066255155,365
2025-12-03 04:25:16.308408,100.58002982988592,100.67657689102184,100.39321924283415,100.55349571333394,858
2025-12-03 04:26:16.308408,100.21053039651724,100.346452235442,100.1265920470141,100.3066667303877,17
2025-12-03 04:27:16.308408,100.62085226074561,100.6752868180991,100.61822035694537,100.66133325807083,855
2025-12-03 04:28:16.308408,100.38425376404213,100.50725205441647,100.2793913343128,100.34014503314155,230
2025-12-03 04:29:16.308408,100.43953582278193,100.51694004981987,100.39346173374865,100.48112701549681,64
2025-12-03 04:30:16.308408,100.56797179138299,100.6129161046492,100.51257665079014,100.53258469848097,900
2025-12-03 04:31:16.308408,100.25911498098652,100.31817112443954,100.2431301139487,100.28519807165156,827
2025-12-03 04:32:16.308408,99.98799875533274,100.02167008323924,99.95743697719755,99.99572022882208,112
2025-12-03 04:33:16.308408,100.22770796278863,100.24107324231318,100.18025566651401,100.2303773415966,950
2025-12-03 04:34:16.308408,100.30931854414787,100.404787258365,100.25005423152028,100.30060711429999,132
2025-12-03 04:35:16.308408,100.0785495109243,100.16729248733728,100.04468179926617,100.13880674007633,117
2025-12-03 04:36:16.308408,100.055820567187,100.1587430915134,100.02752463817531,100.12332670181534,647
2025-12-03 04:37:16.308408,100.35955765611266,100.36271237911866,100.11819424202689,100.270276459482,767
2025-12-03 04:38:16.308408,100.44621178188208,100.53804927070605,100.28140454455706,100.44643799208583,838
2025-12-03 04:39:16.308408,100.32542404924953,100.37026487754281,100.27541914474558,100.32745385862437,433
2025-12-03 04:40:16.308408,100.21404528416835,100.4196685566093,99.8985942754715,100.26271410994529,507
2025-12-03 04:41:16.308408,100.22285652763327,100.41287020288841,100.10567662296809,100.2379571058634,724
2025-12-03 04:42:16.308408,99.69587823341507,99.74902350962842,99.506911543485,99.74602476957025,429
2025-12-03 04:43:16.308408,99.66693344607847,99.85659128438894,99.65516226122838,99.74347057574953,969
2025-12-03 04:44:16.308408,100.13114263049917,100.1745796697714,100.09236432229604,100.09980196085468,409
2025-12-03 04:45:16.308408,99.9511163551413,100.03783692296443,99.92693108685448,99.99506954242179,477
2025-12-03 04:46:16.308408,99.90701957432758,99.98989576396706,99.89324120541046,99.9298263965184,270
2025-12-03 04:47:16.308408,100.2435392512388,100.26206157818972,100.20041940543327,100.25696175782828,119
2025-12-03 04:48:16.308408,100.32467396677133,100.55441520661428,100.13080445671956,100.28118798335811,329
2025-12-03 04:49:16.308408,100.21186070302048,100.24734047480227,100.14429052616379,100.16118114840208,731
2025-12-03 04:50:16.308408,100.33510777841738,100.46113654131123,100.2766066743248,100.34196284254675,453
2025-12-03 04:51:16.308408,100.75522889483857,100.83775306700679,100.55204945744553,100.65731531078521,199
2025-12-03 04:52:16.308408,100.77212306449748,100.77508221101256,100.59275920740791,100.67719890086346,146
2025-12-03 04:53:16.308408,100.78626800000788,100.88222656855666,100.66287408620579,100.7816625044015,614
2025-12-03 04:54:16.308408,100.3351949248145,100.42989888927619,100.26806200465137,100.35041911635301,875
2025-12-03 04:55:16.308408,100.22527763818812,100.35092088732146,100.19190541252097,100.22517322162737,648
2025-12-03 04:56:16.308408,99.84548791905073,99.93676298186196,99.78628743518644,99.90190043760512,617
2025-12-03 04:57:16.308408,99.99868514138386,100.31746519940164,99.95886293670506,100.12020855581278,160
2025-12-03 04:58:16.308408,100.09477798694319,100.21067102642436,100.05086127000754,100.10101173036418,979
2025-12-03 04:59:16.308408,100.23010233672785,100.39479449380886,100.1797833820032,100.23723013558435,126
2025-12-03 05:00:16.308408,100.30385498957442,100.34241764171352,100.15122261306044,100.28823361154672,747
2025-12-03 05:01:16.308408,100.13210072827978,100.23158611352139,100.0158590759325,100.106821473428,728
2025-12-03 05:02:16.308408,100.36099321618741,100.50595885592428,100.32206676586031,100.36135920816399,741
2025-12-03 05:03:16.308408,100.29150345492776,100.41013295433967,100.11501391046369,100.33936034791385,592
2025-12-03 05:04:16.308408,100.10708261224487,100.18518524415622,99.96216509426849,100.15111784025227,627
2025-12-03 05:05:16.308408,100.21973177604211,100.3743697002591,100.18906346488558,100.25443787526861,679
2025-12-03 05:06:16.308408,100.04248292172443,100.05890919792023,99.86895091473113,99.96199671239754,464
2025-12-03 05:07:16.308408,99.9768025973298,100.01933002292044,99.7699240518523,100.01248510111868,116
2025-12-03 05:08:16.308408,99.54510331766305,99.7696708035088,99.41022476195421,99.58447261335996,650
2025-12-03 05:09:16.308408,99.74053897881006,99.89226438462659,99.71305081882825,99.71860181061803,687
2025-12-03 05:10:16.308408,99.86442968226726,99.94043368439331,99.74320806431552,99.90006356131842,444
2025-12-03 05:11:16.308408,100.023978545317,100.23744209484367,99.94484008449645,100.12728183918993,493
2025-12-03 05:12:16.308408,100.15506065232314,100.20500951056037,100.05763672165617,100.09459617056928,348
2025-12-03 05:13:16.308408,99.94266188355209,99.95470681857604,99.91544995108188,99.95388154930563,644
2025-12-03 05:14:16.308408,99.99912183078177,100.07532061120318,99.853332686823,99.94525664864337,332
2025-12-03 05:15:16.308408,99.99525692185489,100.15773829402332,99.98359758919256,100.1239118848294,452
2025-12-03 05:16:16.308408,100.3455397740508,100.39713115668033,100.21428607836474,100.34458219212975,111
2025-12-03 05:17:16.308408,100.44360066094,100.4512009896179,100.33367075740753,100.40839278239945,190
2025-12-03 05:18:16.308408,100.56829314450506,100.67556452690101,100.46033924947848,100.57719915829902,110
2025-12-03 05:19:16.308408,100.63671885998993,100.82950179102913,100.5490143503043,100.72583425762014,53
2025-12-03 05:20:16.308408,100.89415743470171,100.8947594369286,100.69718092663295,100.84045782613839,978
2025-12-03 05:21:16.308408,100.82646614261532,101.05388325182072,100.8195476968583,100.89710552635292,722
2025-12-03 05:22:16.308408,100.67504976340454,100.78693609292444,100.66682009414467,100.68522439723148,192
2025-12-03 05:23:16.308408,100.72761197688281,100.79568500374087,100.67538949414713,100.75539170987076,899
2025-12-03 05:24:16.308408,100.89742761299182,100.92737645611373,100.85397232636836,100.8547949644903,773
2025-12-03 05:25:16.308408,100.61165549131509,100.76366561540942,100.50319854929751,100.6897682494183,412
2025-12-03 05:26:16.308408,100.499983920441,100.64734655092123,100.32997424373545,100.53346462680845,227
2025-12-03 05:27:16.308408,100.61981368556555,100.81126758823821,100.57422651357915,100.59370301725944,487
2025-12-03 05:28:16.308408,100.1070463883327,100.2732431467491,100.04132853699471,100.14923968856316,433
2025-12-03 05:29:16.308408,99.88393232028959,99.99545127457834,99.63343239797229,99.78867386399428,280
2025-12-03 05:30:16.308408,100.0571392610049,100.3208975326479,99.95534959099302,100.05684733238465,675
2025-12-03 05:31:16.308408,100.34171588891793,100.35941105777815,100.28952572804758,100.32153547944107,194
2025-12-03 05:32:16.308408,100.72184648993556,100.81845153550576,100.5856030355426,100.68172543052644,955
2025-12-03 05:33:16.308408,100.89526480813024,100.95037044485609,100.71155242784629,100.92793566432651,105
2025-12-03 05:34:16.308408,101.20772567644481,101.2169222819963,100.96842227456551,101.12118891617482,48
2025-12-03 05:35:16.308408,101.42438152319261,101.54157803095625,101.14652695844424,101.39802670504902,883
2025-12-03 05:36:16.308408,101.06653151847,101.18534614036471,100.91080442310151,101.0991623881022,145
2025-12-03 05:37:16.308408,101.22234800466916,101.31468362363248,101.07320433251645,101.19349086240221,425
2025-12-03 05:38:16.308408,101.09381549628911,101.23331935729695,101.0482839006686,101.14395105109075,59
2025-12-03 05:39:16.308408,101.55058371503326,101.78421967398131,101.37816860788881,101.49438958643358,1
2025-12-03 05:40:16.308408,101.56670337695718,101.79983608019631,101.49128652485807,101.65590256906684,494
2025-12-03 05:41:16.308408,101.85147062770523,101.98408391623241,101.76951538930777,101.82146651055616,362
2025-12-03 05:42:16.308408,101.72708568343599,101.85442712976263,101.68041631844842,101.8161853595172,600
2025-12-03 05:43:16.308408,101.91537085292974,102.08502507093587,101.75752537231638,101.82329691366012,951
2025-12-03 05:44:16.308408,101.69766947452267,101.80808726688963,101.68847805509793,101.80293379741356,3
2025-12-03 05:45:16.308408,102.00026376669199,102.08700359590789,101.95562058513288,102.06407201909538,604
2025-12-03 05:46:16.308408,101.77534729878,101.87003618635151,101.73012255019813,101.80216376923137,532
2025-12-03 05:47:16.308408,101.65352188856718,101.87796274648993,101.5635312754673,101.71198639942298,643
2025-12-03 05:48:16.308408,101.85884787268179,101.98107282197066,101.79027615760057,101.95805984471149,366
2025-12-03 05:49:16.308408,102.07279874139623,102.13663994975172,101.99715394458256,102.03291208130078,766
2025-12-03 05:50:16.308408,102.03405043572562,102.06550048793159,101.96530008868129,102.0441508669867,675
2025-12-03 05:51:16.308408,102.55297294322187,102.55927793513168,102.33366537502292,102.45541982560299,458
2025-12-03 05:52:16.308408,102.59531515874572,102.68104737347451,102.48379789433926,102.64351977085366,907
2025-12-03 05:53:16.308408,102.49994182289856,102.54081790960336,102.36566257591458,102.47290607071014,602
2025-12-03 05:54:16.308408,102.35237343512466,102.42807349741807,102.15313447385876,102.33013274338799,71
2025-12-03 05:55:16.308408,102.46217401699725,102.60034430771897,102.31498581377942,102.4944839804886,57
2025-12-03 05:56:16.308408,102.84081146892623,102.9476684050794,102.72691439295788,102.85869842549874,534
2025-12-03 05:57:16.308408,102.94198137123087,103.07794257145315,102.9206888714245,102.93351890356703,699
2025-12-03 05:58:16.308408,102.89221509934919,102.97284263045769,102.83297112265086,102.91406098401438,82
2025-12-03 05:59:16.308408,103.21227980063914,103.30307557657092,103.08016316703258,103.10303446839325,434
2025-12-03 06:00:16.308408,103.1474415653366,103.19570386478506,103.02460853643316,103.15336182280818,269
2025-12-03 06:01:16.308408,102.73251156897325,102.84849458451474,102.64778713059528,102.75713385414512,180
2025-12-03 06:02:16.308408,102.59593350088257,102.75265714225466,102.45554210930304,102.67103503194487,559
2025-12-03 06:03:16.308408,102.9467552575708,102.9908682690103,102.65555335474642,102.90290278658735,23
2025-12-03 06:04:16.308408,102.73160273380932,102.80115681310627,102.62434825825667,102.7395480129037,630
2025-12-03 06:05:16.308408,102.47869924092664,102.55401651761998,102.3620537915055,102.4656016044253,22
2025-12-03 06:06:16.308408,102.34146802829467,102.49311858828807,102.25299197427636,102.42385261040036,820
2025-12-03 06:07:16.308408,102.33930640440252,102.44759667881381,102.30724351712148,102.31784502989466,122
2025-12-03 06:08:16.308408,102.09127923480195,102.17446776036743,102.0760828918974,102.0925188307996,830
2025-12-03 06:09:16.308408,102.04051634817776,102.14385146261986,101.96067294265832,101.99068963806326,795
2025-12-03 06:10:16.308408,101.7791158564167,101.95858520897818,101.56419569260291,101.75316912702446,113
2025-12-03 06:11:16.308408,101.71448600695157,101.77175412568235,101.59721585280678,101.75932068312424,698
2025-12-03 06:12:16.308408,101.64566155619579,101.76171310999325,101.58740678955664,101.68353698751162,332
2025-12-03 06:13:16.308408,101.9303217521908,101.98252559702219,101.74346827479334,101.8547884075588,708
2025-12-03 06:14:16.308408,102.17604123756749,102.30905453065921,102.08441491004483,102.15630200026172,558
2025-12-03 06:15:16.308408,101.86584861464122,102.05153022916839,101.83236041254514,101.90923736627425,69
2025-12-03 06:16:16.308408,102.07189733079782,102.13342234435913,101.97539402493781,102.08581274089428,861
2025-12-03 06:17:16.308408,101.86209755182588,101.94342602865973,101.83933647291575,101.83993863049068,20
2025-12-03 06:18:16.308408,102.13083970602592,102.22408794677915,101.98990849665904,102.0652082258477,928
2025-12-03 06:19:16.308408,102.28601747886707,102.37633269012926,102.19830619667017,102.22650875162049,610
2025-12-03 06:20:16.308408,102.25114048460307,102.35097407446465,102.23763038831454,102.26591411492498,269
2025-12-03 06:21:16.308408,102.38118424831369,102.40121241271954,102.28116928530793,102.36953336073758,564
2025-12-03 06:22:16.308408,102.60881047816977,102.64736250157576,102.49772528659683,102.54637000043884,603
2025-12-03 06:23:16.308408,102.44412977301346,102.48369570675167,102.34496645940797,102.42133538812521,572
2025-12-03 06:24:16.308408,102.5039610214005,102.61708605224008,102.48819386633146,102.49673927983052,519
2025-12-03 06:25:16.308408,102.5946972624933,102.74440020187627,102.55617922449835,102.57219716998931,155
2025-12-03 06:26:16.308408,102.56775801466853,102.703564270269,102.4265178972161,102.5155038706742,174
2025-12-03 06:27:16.308408,102.62210413227625,102.67160963457513,102.58499125036309,102.6311735676358,953
2025-12-03 06:28:16.308408,102.40664538092187,102.48914452379537,102.20802170184612,102.39289012207362,879
2025-12-03 06:29:16.308408,102.17885830551329,102.30285797809815,102.07062254105172,102.23139611266663,542
2025-12-03 06:30:16.308408,102.2756297838253,102.29508990586288,102.17188108425579,102.22021730421875,764
2025-12-03 06:31:16.308408,102.04820848412808,102.15248364946086,102.02007256504875,102.10160366204445,991
2025-12-03 06:32:16.308408,102.2362768466217,102.28415846763424,102.17245360414721,102.21846772738796,938
2025-12-03 06:33:16.308408,102.0210460747194,102.05578852877998,101.90798909199953,102.02669123016064,44
2025-12-03 06:34:16.308408,102.28396659014064,102.28946185815133,102.12901826022623,102.24409090827446,430
2025-12-03 06:35:16.308408,102.19693425365064,102.22598150173735,102.00404345107438,102.19574948485882,741
2025-12-03 06:36:16.308408,102.07318652151703,102.14729496977937,101.8359758065248,102.07702139889909,341
2025-12-03 06:37:16.308408,102.03902845197193,102.20730192136008,101.94959110040712,102.01825801237506,444
2025-12-03 06:38:16.308408,101.60828497243268,101.77915832493655,101.41506888486651,101.6139046630797,536
2025-12-03 06:39:16.308408,101.79706975214131,101.93645162643375,101.7821571354615,101.90203408400716,317
2025-12-03 06:40:16.308408,101.94497775593483,102.03382344118276,101.83642613411102,101.95711021525528,351
2025-12-03 06:41:16.308408,102.16055552165398,102.26179817133425,102.02283761151311,102.04299169079871,330
2025-12-03 06:42:16.308408,101.98352310283785,102.16289805952319,101.91862275469356,102.09506423626428,43
2025-12-03 06:43:16.308408,102.32549975949449,102.49646501313858,102.30063124818871,102.36719625970674,670
2025-12-03 06:44:16.308408,102.69243674255408,102.79925536189272,102.58470411795057,102.62310755567563,872
2025-12-03 06:45:16.308408,102.92956468867422,103.08043236957498,102.92290366615403,102.92827230381171,838
2025-12-03 06:46:16.308408,103.1867715223039,103.29741131406837,103.11964557825931,103.13271512593431,100
2025-12-03 06:47:16.308408,103.27252703757733,103.28890823883779,103.14015497986162,103.2361929434438,892
2025-12-03 06:48:16.308408,103.23173794064294,103.25440302313201,102.95519998999592,103.19521891505137,500
2025-12-03 06:49:16.308408,103.15385382168641,103.16563346451659,103.02933504555699,103.11075398809815,893
2025-12-03 06:50:16.308408,103.1108940771433,103.18279749838328,103.01725996402959,103.15506444358883,889
2025-12-03 06:51:16.308408,102.97029286925932,103.08809585138637,102.7317406638936,102.95878038024931,891
2025-12-03 06:52:16.308408,102.81657309353679,102.89067217330783,102.78492903964376,102.81398497713975,877
2025-12-03 06:53:16.308408,102.74369908331252,102.9245161981462,102.71781600574772,102.74723568190215,274
2025-12-03 06:54:16.308408,102.72381832955276,102.7451631370956,102.71728400795715,102.7213234995432,625
2025-12-03 06:55:16.308408,102.7320000681894,102.85090379276487,102.52096533134629,102.70343144906552,626
2025-12-03 06:56:16.308408,102.2220009274226,102.30983225130656,102.21674043797714,102.26671142876329,253
2025-12-03 06:57:16.308408,102.36788706155815,102.49836114212765,102.18753000340118,102.35954287012963,687
2025-12-03 06:58:16.308408,102.59553741136345,102.76482043735204,102.4300773291724,102.58100162018734,126
2025-12-03 06:59:16.308408,102.51060291916377,102.53435350920319,102.42534369414649,102.4711202670442,310
2025-12-03 07:00:16.308408,102.31489321683755,102.45286824710452,102.2229123894004,102.38545413559294,549
2025-12-03 07:01:16.308408,102.71250226417717,102.7513445466095,102.65698961162502,102.71287855897421,580
2025-12-03 07:02:16.308408,102.97445136911648,103.09044791655793,102.97074715024868,103.00525196056729,201
2025-12-03 07:03:16.308408,102.68796386362948,102.84213393188513,102.52106835463799,102.73802592406756,274
2025-12-03 07:04:16.308408,102.80679527592565,102.93549969528283,102.80040348232433,102.8507629830923,652
2025-12-03 07:05:16.308408,102.81564374330941,102.87549498047305,102.79543541562175,102.81406004853102,980
2025-12-03 07:06:16.308408,102.32438111941129,102.4352767911738,102.29198558413123,102.40509702356829,278
2025-12-03 07:07:16.308408,102.67664462738057,102.76309881660394,102.65620313571071,102.71899184542764,190
2025-12-03 07:08:16.308408,102.6673243829659,102.78312240343686,102.64430173154813,102.71706124019704,361
2025-12-03 07:09:16.308408,102.36139301656773,102.4854707993402,102.19830478299633,102.4420056961804,326
2025-12-03 07:10:16.308408,102.64090897265635,102.85800356993757,102.55200157052332,102.71746957920506,305
2025-12-03 07:11:16.308408,102.69371567639952,102.80866360708579,102.5579992276492,102.79282108098522,227
2025-12-03 07:12:16.308408,103.16949366151657,103.18029705577199,103.09994919400089,103.14866946510523,842
2025-12-03 07:13:16.308408,103.06471160702927,103.19240156510261,103.04090662062126,103.13340572673383,117
2025-12-03 07:14:16.308408,103.09261706980365,103.09516796310469,103.02946722782114,103.06344087130823,697
2025-12-03 07:15:16.308408,103.13346685830294,103.16642681932774,103.01006975106928,103.16400429686362,142
2025-12-03 07:16:16.308408,102.98236783002254,102.99724377553723,102.90874827226219,102.93806166948087,104
2025-12-03 07:17:16.308408,102.94370267960018,103.03440688802642,102.78448123594745,103.0212598178148,441
2025-12-03 07:18:16.308408,103.06247877232795,103.33177473091389,102.84067429694869,103.11968296092938,129
2025-12-03 07:19:16.308408,102.86245815503052,103.0688191875217,102.83633262437264,102.90913299467941,208
2025-12-03 07:20:16.308408,103.01429092103534,103.1922272674889,102.99881872952292,103.0286464435849,586
2025-12-03 07:21:16.308408,102.7672205923177,102.92005124892559,102.73020382764305,102.77560002511974,604
2025-12-03 07:22:16.308408,102.52707520890394,102.64320245518132,102.36024894568858,102.58742688680549,124
2025-12-03 07:23:16.308408,102.42907940312526,102.54568624451247,102.23693104565768,102.4126976779362,251
2025-12-03 07:24:16.308408,102.44612982559056,102.5994299421921,102.31209238078429,102.50572229188309,259
2025-12-03 07:25:16.308408,102.43979538175518,102.49127422397065,102.28140935185807,102.31578026481117,124
2025-12-03 07:26:16.308408,102.14084126167701,102.16975375852428,102.1291784201434,102.16227131526779,25
2025-12-03 07:27:16.308408,102.0738927214283,102.1244068937085,101.96820721225279,102.08755850037127,144
2025-12-03 07:28:16.308408,101.95787061006423,102.14833073916903,101.95022623488023,101.95731941656403,362
2025-12-03 07:29:16.308408,101.91423153590436,102.04664215136775,101.8657459053809,101.98638107500352,557
2025-12-03 07:30:16.308408,102.15083811113921,102.22358774917656,101.97027077158195,102.07931652726097,257
2025-12-03 07:31:16.308408,101.85349884552654,101.96933044154687,101.82345444418547,101.86949098387527,957
2025-12-03 07:32:16.308408,101.83412672174249,102.00489485075774,101.67772958853078,101.8662110067312,267
2025-12-03 07:33:16.308408,101.60092041555542,101.61062072463066,101.39797939228339,101.54366482735351,991
2025-12-03 07:34:16.308408,101.51054509309643,101.62178349272604,101.47052928917513,101.55989814275068,99
2025-12-03 07:35:16.308408,101.45436766990055,101.64074569614924,101.3243174874081,101.46135465537624,215
2025-12-03 07:36:16.308408,101.36414816340292,101.43080282592508,101.3163210304522,101.41463996959202,541
2025-12-03 07:37:16.308408,101.53756016101886,101.75595885678219,101.43879339879476,101.53708718356981,625
2025-12-03 07:38:16.308408,101.07841541919115,101.22629655628697,101.05805733341725,101.07274619402655,24
2025-12-03 07:39:16.308408,100.83155664187625,100.97476218057277,100.76262288694475,100.81982456530461,912
2025-12-03 07:40:16.308408,101.25677203393843,101.38172693035347,101.03582359862047,101.23615311151097,144
2025-12-03 07:41:16.308408,101.11810428351751,101.21227103155316,101.01408577375362,101.06037390124327,871
2025-12-03 07:42:16.308408,100.92860008082559,101.11888725880635,100.85176404565553,100.95253742952205,528
2025-12-03 07:43:16.308408,101.26273434052678,101.39643221138797,101.15831926618318,101.31092560273741,269
2025-12-03 07:44:16.308408,101.16680066355069,101.38202149950095,101.10078461583731,101.27533790290731,60
2025-12-03 07:45:16.308408,101.0213608863555,101.10430239055479,101.00069437996761,101.06581354823679,314
2025-12-03 07:46:16.308408,100.78861457795135,100.97104624801335,100.69033161636872,100.86845888798567,449
2025-12-03 07:47:16.308408,101.05427105697261,101.2302466198263,101.00221926635194,101.13193217884215,414
2025-12-03 07:48:16.308408,101.05790579415913,101.14414503545144,100.88605388948544,101.0716439413032,335
2025-12-03 07:49:16.308408,101.50393858152084,101.56387491390612,101.38200475332751,101.45907391928372,797
2025-12-03 07:50:16.308408,101.97079324081353,102.06624792570804,101.88238911746446,101.9291760948538,44
2025-12-03 07:51:16.308408,101.78247107059704,101.9847007106487,101.65023664429346,101.88028779128548,193
2025-12-03 07:52:16.308408,101.87889108964617,101.91731641381242,101.77193165908932,101.84078842200366,972
2025-12-03 07:53:16.308408,102.11437069873377,102.38293119847918,102.09530370846242,102.14120754524512,31
2025-12-03 07:54:16.308408,102.38439952546435,102.4477195295218,102.35240864373583,102.4252734534513,196
2025-12-03 07:55:16.308408,102.24687982278914,102.30944286487944,102.17965985072571,102.25143378402687,225
2025-12-03 07:56:16.308408,101.81297592848047,101.95986178083582,101.69096130666122,101.8096823430696,567
2025-12-03 07:57:16.308408,101.71967989283604,101.76545174421915,101.60491197035563,101.65527796190668,707
2025-12-03 07:58:16.308408,101.71499123025089,101.80605251236594,101.60501487174001,101.76823307664722,699
2025-12-03 07:59:16.308408,101.64588873355508,101.76603996546959,101.63662949990476,101.64582348536784,280
2025-12-03 08:00:16.308408,101.71408878406272,101.8203163656018,101.60725295662662,101.7110414591348,289
2025-12-03 08:01:16.308408,101.6972563294496,101.765593532592,101.59250852020268,101.71735398379504,28
2025-12-03 08:02:16.308408,102.03769280058941,102.05053044051137,101.98051484251143,102.0002584396318,626
2025-12-03 08:03:16.308408,102.18717527523843,102.3769879177127,101.95698272132334,102.1344514711624,930
2025-12-03 08:04:16.308408,102.36984622167132,102.43399255941291,102.25958828350646,102.33437387350243,253
2025-12-03 08:05:16.308408,102.25218106236649,102.3522740437234,102.07263790912516,102.18001178102791,602
2025-12-03 08:06:16.308408,102.06626652577737,102.12756633253177,101.82958081169927,102.04816541290708,145
2025-12-03 08:07:16.308408,101.91864032631024,101.95494090588596,101.86570345816278,101.9421872269848,943
2025-12-03 08:08:16.308408,101.90253049219255,101.98015356656555,101.75021634472661,101.93797321206678,52
2025-12-03 08:09:16.308408,102.32760178714565,102.34455577230311,102.2357756595649,102.27996390721829,929
2025-12-03 08:10:16.308408,102.35252226310531,102.57706593209959,102.27041565405762,102.46584799318371,462
2025-12-03 08:11:16.308408,102.34460569903997,102.49317835868047,102.25267144975653,102.32789263143171,385
2025-12-03 08:12:16.308408,102.37657925756218,102.39200250547655,102.24662757735682,102.35911380150634,552
2025-12-03 08:13:16.308408,102.23258339066487,102.3025259355474,102.10818576239386,102.24905484923912,214
2025-12-03 08:14:16.308408,102.3826111792837,102.48433436989424,102.35283453660513,102.35825480115197,93
2025-12-03 08:15:16.308408,102.19000535727528,102.2758717310894,102.18453689103612,102.19525520805075,386
2025-12-03 08:16:16.308408,102.30767706311445,102.35107724587529,102.24502080348239,102.31057976406275,275
2025-12-03 08:17:16.308408,102.2809817253302,102.32054896702338,102.13830459781303,102.19839109853818,58
2025-12-03 08:18:16.308408,102.17032332126428,102.30946910771506,102.10097016388544,102.21569242983675,948
2025-12-03 08:19:16.308408,102.21635472461325,102.41479590531121,102.03254226000341,102.25692642838113,902
2025-12-03 08:20:16.308408,102.56523937290525,102.64124627129426,102.51422658466423,102.55152989715559,502
2025-12-03 08:21:16.308408,102.3007899921141,102.43486041260344,102.22245147473213,102.39773335565852,33
2025-12-03 08:22:16.308408,102.60594578329652,102.65968159161129,102.5058597319294,102.61330331397025,666
2025-12-03 08:23:16.308408,102.40676193543433,102.48845774050447,102.315017067921,102.45073903890041,690
2025-12-03 08:24:16.308408,102.38515325235797,102.54051810062671,102.37004573055077,102.37139787853397,124
2025-12-03 08:25:16.308408,102.32320665630104,102.57173257299728,102.27664445134306,102.36054248973213,488
2025-12-03 08:26:16.308408,102.27576692983364,102.34467577361849,102.16193042742236,102.2305278670009,681
2025-12-03 08:27:16.308408,102.11813160041062,102.24354621335829,102.00674939029273,102.07087760436985,603
2025-12-03 08:28:16.308408,102.04821523504488,102.17798008662234,101.87934413024546,102.09306181375054,917
2025-12-03 08:29:16.308408,102.25808842278555,102.27296855911572,102.23068027971621,102.25507781273932,258
2025-12-03 08:30:16.308408,102.3678830026875,102.49970419220615,102.25304092081501,102.4352568818323,757
2025-12-03 08:31:16.308408,102.41325574040266,102.49890898714038,102.38219491539728,102.47663671700074,682
2025-12-03 08:32:16.308408,102.5246185619889,102.77705788136383,102.46943809258566,102.52226776603938,986
2025-12-03 08:33:16.308408,102.47512556762814,102.57450714425032,102.38488163459951,102.4551264102276,984
2025-12-03 08:34:16.308408,102.6278708214877,102.85424966090126,102.50115307138846,102.54702201375625,816
2025-12-03 08:35:16.308408,102.60746081276129,102.74489056328906,102.42372601564185,102.53731594777227,624
2025-12-03 08:36:16.308408,102.73960613499125,102.97253025929338,102.71206345619284,102.80048119118706,240
2025-12-03 08:37:16.308408,102.40602101751702,102.51071366846273,102.32520970247855,102.43513797915386,17
2025-12-03 08:38:16.308408,102.51308888341327,102.64438324605021,102.46681784760507,102.54847060589883,571
2025-12-03 08:39:16.308408,102.57185155452619,102.86930605635007,102.46589822447872,102.66247490963767,136
2025-12-03 08:40:16.308408,102.86077540858653,102.8692175600219,102.76086674300721,102.77294207885002,163
2025-12-03 08:41:16.308408,102.72839350464264,102.911190339612,102.70969121810109,102.84699270210899,254
2025-12-03 08:42:16.308408,103.09365918662412,103.14041584474312,102.96929263713255,103.04846877615219,809
2025-12-03 08:43:16.308408,102.83058575029425,103.02203429305933,102.81805718327757,102.90324950130235,276
2025-12-03 08:44:16.308408,102.79309818210926,102.81068707927783,102.75351723797655,102.8026937282608,318
2025-12-03 08:45:16.308408,102.69835548007994,102.77664769800771,102.59243315387914,102.72792513984336,702
2025-12-03 08:46:16.308408,102.7745045008051,102.91018563196317,102.70572022245825,102.85150182618636,451
2025-12-03 08:47:16.308408,102.68069774806716,102.71209006567959,102.54529870520265,102.67345316898516,64
2025-12-03 08:48:16.308408,102.65905498791551,102.71224525616489,102.51430521874622,102.66935673972134,451
2025-12-03 08:49:16.308408,102.60754775330443,102.63528064891909,102.47769532691807,102.53041957093033,189
2025-12-03 08:50:16.308408,102.27387199597464,102.41256966115944,102.15141868041238,102.29121040410763,774
2025-12-03 08:51:16.308408,102.24132732514185,102.39192933086267,102.20025593802383,102.28009544838238,245
2025-12-03 08:52:16.308408,102.28048030885404,102.37381676398901,102.24315334851534,102.32139468346783,764
2025-12-03 08:53:16.308408,102.07376030887117,102.35252096214863,101.89225696263797,102.15490074077391,977
2025-12-03 08:54:16.308408,102.6192582735828,102.8100555595616,102.52263922061776,102.575437366533,445
2025-12-03 08:55:16.308408,102.4742051047826,102.57389347589638,102.4497819310755,102.46839746536571,915
2025-12-03 08:56:16.308408,102.79136483259587,102.80649355571026,102.67563089575329,102.71780321483969,500
2025-12-03 08:57:16.308408,102.59219967657128,102.72565970831918,102.4982909256786,102.56476976706121,200
2025-12-03 08:58:16.308408,102.94108541138218,103.1668312449985,102.77306928207217,102.93361811558242,24
2025-12-03 08:59:16.308408,102.99140241536621,103.12624912874244,102.97188241196633,102.98184906922705,618
2025-12-03 09:00:16.308408,102.92430522334412,102.94471543333425,102.8164855628134,102.90707620206936,850
2025-12-03 09:01:16.308408,103.08430493231877,103.17805020762658,102.90595209933467,103.00658360662483,737
2025-12-03 09:02:16.308408,102.97013322143451,103.01408649141612,102.94034846704142,102.96956163505106,958
2025-12-03 09:03:16.308408,102.9583784308011,102.97650193313358,102.85847855591605,102.90601200940247,708
2025-12-03 09:04:16.308408,103.0302238311795,103.0568620159923,102.91591142908392,102.98306412742747,464
2025-12-03 09:05:16.308408,103.05937888503317,103.18704677687589,103.0492717210997,103.06022056045126,968
2025-12-03 09:06:16.308408,102.9818910619226,103.0533119054349,102.88117204620234,103.01918330326578,282
2025-12-03 09:07:16.308408,103.29770220103067,103.43161622715161,103.20474770521515,103.26513693086272,953
2025-12-03 09:08:16.308408,103.29383509730653,103.42402773185843,103.22191884254984,103.35841466017152,586
2025-12-03 09:09:16.308408,103.0479987534962,103.15195543140649,103.01134755609515,103.08514326851794,296
2025-12-03 09:10:16.308408,102.882980740135,102.97595798389128,102.81039867349632,102.81311024152026,650
2025-12-03 09:11:16.308408,102.78871124982008,103.05869471576058,102.76728334665314,102.83229384413866,427
2025-12-03 09:12:16.308408,103.02641035869323,103.14382423251973,102.9937277950712,103.10629141624582,41
2025-12-03 09:13:16.308408,103.27157596629864,103.46678862350458,103.2084795067859,103.23094961837278,376
2025-12-03 09:14:16.308408,103.17467692549153,103.29218334572747,103.1106494712474,103.24684052174133,584
2025-12-03 09:15:16.308408,103.48640447903867,103.54867518675513,103.42409640135745,103.45227878036887,169
2025-12-03 09:16:16.308408,103.37004039415731,103.4265879684383,103.32892747063462,103.36357004338016,70
2025-12-03 09:17:16.308408,103.24814512403738,103.26086897158355,103.17539723579664,103.21824563632737,968
2025-12-03 09:18:16.308408,103.09067252486967,103.26454424046584,103.0576888726317,103.14282502235834,850
2025-12-03 09:19:16.308408,103.48450456209316,103.49243040466486,103.37297267499319,103.47752630020034,272
2025-12-03 09:20:16.308408,103.4395193593387,103.44427356944901,103.38129597863747,103.3952678810097,917
2025-12-03 09:21:16.308408,103.62047606108496,103.72934879239966,103.51066683581345,103.60544455503596,156
2025-12-03 09:22:16.308408,103.56385629747417,103.71009375526634,103.52698079517486,103.58446650838627,746
2025-12-03 09:23:16.308408,103.770020509794,103.80270237830574,103.70994834447237,103.79275988122365,879
2025-12-03 09:24:16.308408,103.73518239848453,103.82278202700013,103.57369969657503,103.66981578826696,981
2025-12-03 09:25:16.308408,103.46771147419777,103.57278226179774,103.25054409603094,103.5275466983157,625
2025-12-03 09:26:16.308408,103.41984890025651,103.50280513108515,103.25948930536805,103.44477894587537,652
2025-12-03 09:27:16.308408,103.74687321108487,103.89593695525465,103.6887763171355,103.71349668907372,532
2025-12-03 09:28:16.308408,103.41779963217917,103.52375748536278,103.28635536646884,103.44470894837279,820
2025-12-03 09:29:16.308408,103.32260299791943,103.39013744121561,103.19921519763051,103.32401445748424,564
2025-12-03 09:30:16.308408,103.25228188268882,103.41981343945271,103.07837148088362,103.27663527499011,16
2025-12-03 09:31:16.308408,103.22565056766248,103.2595703439796,103.14169775904863,103.14995773897004,958
2025-12-03 09:32:16.308408,103.10778038097625,103.15165016532985,102.99734400806595,103.07983427523283,370
2025-12-03 09:33:16.308408,103.26013674841408,103.40409880767702,103.1184329635706,103.20372999583866,508
2025-12-03 09:34:16.308408,103.19135167999761,103.29926571324678,103.13467519563311,103.22722035465891,536
2025-12-03 09:35:16.308408,103.08950420819413,103.18408678799757,103.0066110848862,103.04072580517335,381
2025-12-03 09:36:16.308408,103.08214471131477,103.08674385370239,102.83810044317242,103.04357733105957,362
2025-12-03 09:37:16.308408,102.85047105552584,102.89798575934435,102.84787954835069,102.88419874599886,209
2025-12-03 09:38:16.308408,102.72817566647332,102.76167167325887,102.53174249892552,102.65012875863084,638
2025-12-03 09:39:16.308408,102.94168020307883,102.98079551807884,102.88192686122079,102.95257613701158,564
2025-12-03 09:40:16.308408,102.58208070473349,102.61089075874679,102.46466102770538,102.5818180877213,531
2025-12-03 09:41:16.308408,102.32357175967951,102.38002756640968,102.15039745086372,102.366806798621,685
2025-12-03 09:42:16.308408,102.44831260232056,102.53548184511695,102.34512502627116,102.4345950994678,80
2025-12-03 09:43:16.308408,102.4654651527009,102.68084138321963,102.43263480460743,102.47836997618886,137
2025-12-03 09:44:16.308408,102.76661543355651,102.90594126828188,102.75344752327,102.80721833248556,123
2025-12-03 09:45:16.308408,103.13218121999509,103.21761171381398,103.06757713641296,103.19331097057369,43
2025-12-03 09:46:16.308408,103.04579760325,103.12979995841518,102.94903917301785,103.02204024801088,481
2025-12-03 09:47:16.308408,103.13005336858943,103.21942337225879,103.09971611984817,103.10507099632983,11
2025-12-03 09:48:16.308408,102.97749025105284,103.13263759920952,102.94396787967632,103.04795586216306,123
2025-12-03 09:49:16.308408,103.20376243759347,103.34406546845192,103.1856162268005,103.21295216504336,830
2025-12-03 09:50:16.308408,103.14419890217532,103.2880734463201,103.13939989074937,103.20549892911231,853
2025-12-03 09:51:16.308408,103.35068306086256,103.50782105882868,103.30179963999596,103.37674641878218,659
2025-12-03 09:52:16.308408,103.35852891608829,103.4878959921624,103.2764371171344,103.42687981776433,590
2025-12-03 09:53:16.308408,103.43686958338274,103.50370850217594,103.43028110764982,103.46526441333448,449
2025-12-03 09:54:16.308408,103.33256166605683,103.41261070494009,103.21072991800416,103.3307402405578,698
2025-12-03 09:55:16.308408,103.31634242192101,103.39040893802026,103.27958605274301,103.28344860093776,529
2025-12-03 09:56:16.308408,103.37697837456382,103.40272684446697,103.32952534180795,103.39552245249469,441
2025-12-03 09:57:16.308408,102.98598441211905,103.08753810026445,102.96903041827765,103.0089813507978,670
2025-12-03 09:58:16.308408,102.86753105901846,102.92681508443194,102.75222948285517,102.788113865656,420
2025-12-03 09:59:16.308408,102.81230660550783,102.85446785707865,102.74947988399467,102.82287067090445,495
2025-12-03 10:00:16.308408,102.85496503947928,102.9406366052828,102.82945680804218,102.88457909151765,548
2025-12-03 10:01:16.308408,102.93778201331865,103.06569562771692,102.87247254119346,102.98226527405492,501
2025-12-03 10:02:16.308408,103.06515519518798,103.09423838131968,102.89924904288733,102.98073417246525,85
2025-12-03 10:03:16.308408,103.3507767406842,103.39951193619507,103.2815043384019,103.33783200076275,204
2025-12-03 10:04:16.308408,103.00538883391017,103.18141774949986,102.98156336772766,103.05899730622652,154
2025-12-03 10:05:16.308408,103.1492193009316,103.15548394373035,103.01076873091536,103.12311465063173,934
2025-12-03 10:06:16.308408,103.2662766292888,103.43875194864052,103.26333547533474,103.32821968460246,457
2025-12-03 10:07:16.308408,103.31052688981755,103.49409878805265,103.13325087472914,103.40468337269262,706
2025-12-03 10:08:16.308408,103.40302976478235,103.45499997343856,103.36265704980181,103.3913993023827,460
2025-12-03 10:09:16.308408,103.43063236180164,103.44146985239631,103.25265083696601,103.42787326794708,327
2025-12-03 10:10:16.308408,103.19961503648678,103.31340801562214,103.14132803224548,103.23487360576613,118
2025-12-03 10:11:16.308408,103.49092903860797,103.51150523018632,103.4639260315877,103.47188434977363,98
2025-12-03 10:12:16.308408,103.57897765981846,103.63479416462815,103.46766022692476,103.53783495917709,705
2025-12-03 10:13:16.308408,103.97868467287857,104.02895083716385,103.84723975852233,104.00051226172434,19
2025-12-03 10:14:16.308408,104.22583716462682,104.2453189356687,104.17781120561057,104.21408993061974,360
2025-12-03 10:15:16.308408,103.79981275567465,103.9462283966737,103.77002861368722,103.86635163882526,158
2025-12-03 10:16:16.308408,103.85829487400778,103.96998843904197,103.81712992727684,103.83408208138144,715
2025-12-03 10:17:16.308408,103.7520661178786,104.16641589581856,103.59497903023701,103.80222480108843,412
2025-12-03 10:18:16.308408,104.26912391861939,104.39158011006914,104.07654465371142,104.23426913905917,972
2025-12-03 10:19:16.308408,104.17150124798208,104.23750951920131,104.02297036743524,104.16789545313064,254
2025-12-03 10:20:16.308408,104.41773835337857,104.446261081363,104.25012191176889,104.42370031898881,53
2025-12-03 10:21:16.308408,104.47197371980356,104.5511691647435,104.4109868507042,104.47605480661923,412
2025-12-03 10:22:16.308408,104.33834397144294,104.47845146598647,104.26001554511282,104.38617166397333,780
2025-12-03 10:23:16.308408,104.32130050586578,104.42580977379791,104.26508852592598,104.32352844500724,940
2025-12-03 10:24:16.308408,104.62993100012535,104.63455903423132,104.59536353606892,104.60007903504642,81
2025-12-03 10:25:16.308408,104.40617790712062,104.49113486964394,104.29790050760928,104.43156596330053,166
2025-12-03 10:26:16.308408,104.06608034294418,104.14935980099575,104.05263777590564,104.1159165773436,761
2025-12-03 10:27:16.308408,104.34574305775543,104.43362364495316,104.30760896483123,104.35757577321284,553
2025-12-03 10:28:16.308408,104.06722373461916,104.41320168797242,104.01780786385315,104.14313407560415,871
2025-12-03 10:29:16.308408,103.81580288037804,103.92674712339769,103.76868473798535,103.80242041112922,949
2025-12-03 10:30:16.308408,104.01589581847276,104.0740078214619,103.974657023516,104.01493696001194,876
2025-12-03 10:31:16.308408,103.86270344012544,104.07159106572477,103.72640669285812,103.76426959703561,178
2025-12-03 10:32:16.308408,104.04577501774887,104.19702219953858,103.87712154936564,104.07846013146467,892
2025-12-03 10:33:16.308408,104.30823609708335,104.4181252988367,104.17276312411758,104.20827676373644,642
2025-12-03 10:34:16.308408,104.57429629592554,104.78491928165921,104.39580000098904,104.64608055790207,117
2025-12-03 10:35:16.308408,104.71525968727114,104.74647932248004,104.60500057068333,104.6837689762015,664
2025-12-03 10:36:16.308408,104.99488816364709,105.11502644344037,104.90254582976812,104.92929897335509,193
2025-12-03 10:37:16.308408,104.8035447409376,105.0744193402125,104.75783155542662,104.90530876059181,850
2025-12-03 10:38:16.308408,104.8064250257404,105.00894789897028,104.79719423149486,104.87315586029085,4
2025-12-03 10:39:16.308408,104.8342175183242,105.03140118400412,104.7849828767281,104.87210489449848,759
2025-12-03 10:40:16.308408,104.98988977438296,105.1213330045503,104.77583468816026,104.96114365180848,451
2025-12-03 10:41:16.308408,104.68998964039181,104.7952010600375,104.55916459034516,104.67010451369917,995
2025-12-03 10:42:16.308408,104.47192033358083,104.53351582933288,104.38773500958706,104.50647552682271,111
2025-12-03 10:43:16.308408,104.60612008594713,104.6868840785908,104.48787210602622,104.59378182336496,162
2025-12-03 10:44:16.308408,104.55766866624207,104.65283834002847,104.45991456792909,104.52649323940473,753
2025-12-03 10:45:16.308408,104.40888839919758,104.52082995115687,104.22814831665335,104.37019359865317,725
2025-12-03 10:46:16.308408,104.17203773106155,104.28755292636463,104.17105777171643,104.22726328033583,959
2025-12-03 10:47:16.308408,104.4156892054972,104.49938699301678,104.32048425627491,104.43777543926623,378
2025-12-03 10:48:16.308408,104.41476325831455,104.44788957990747,104.30393373507721,104.42136202649174,910
2025-12-03 10:49:16.308408,104.49775721200763,104.60527016730497,104.2369626856784,104.39395905867761,829
2025-12-03 10:50:16.308408,104.86221318116601,104.93077648143368,104.77527641216301,104.84443552442592,188
2025-12-03 10:51:16.308408,105.0059645544405,105.19469061741009,104.95534465770015,105.02747939440002,815
2025-12-03 10:52:16.308408,104.73944937051053,104.82517447561156,104.53292246241877,104.70794171769325,72
2025-12-03 10:53:16.308408,104.46894603000771,104.52263945424131,104.40188651129243,104.46581304904075,678
2025-12-03 10:54:16.308408,104.30407761286504,104.37886889637424,104.21430219965097,104.33743112596919,255
2025-12-03 10:55:16.308408,104.22378712194937,104.2784797591914,104.03338135622022,104.19206055791787,575
2025-12-03 10:56:16.308408,104.08781965604742,104.10615846322314,103.99665158424382,104.05618114264108,676
2025-12-03 10:57:16.308408,104.18792169663908,104.18803281662348,104.00821349497345,104.11972296489122,78
2025-12-03 10:58:16.308408,104.06484658966866,104.16272014953739,104.01642531341551,104.11174783939803,832
2025-12-03 10:59:16.308408,103.9763029105133,104.00014673617801,103.94362722050384,103.96994541152475,692
2025-12-03 11:00:16.308408,104.02336699166669,104.23654497402643,103.94172626830783,104.08952452672517,699
2025-12-03 11:01:16.308408,103.95608742792531,104.01330646565322,103.76634209811327,103.92628395177034,383
2025-12-03 11:02:16.308408,103.9133134359036,103.99182313911878,103.7609062893731,103.92332542716939,887
2025-12-03 11:03:16.308408,103.82964852132973,103.95704295598625,103.76586557940374,103.81900241736652,46
2025-12-03 11:04:16.308408,103.90359340709244,104.03537054151747,103.79841960012527,103.9519321760387,540
2025-12-03 11:05:16.308408,104.37602411315042,104.3897521958913,104.2626719947221,104.35721665886898,539
2025-12-03 11:06:16.308408,103.96631786717607,104.1931253592621,103.71945005944224,104.07317871690962,420
2025-12-03 11:07:16.308408,103.94307815090185,104.06830493894711,103.71106121353114,103.83539238021558,768
2025-12-03 11:08:16.308408,104.0890232667735,104.14184756755805,104.07374184634922,104.0854869386644,390
2025-12-03 11:09:16.308408,103.72160480155235,103.87681021681695,103.68908918587884,103.7593531676286,213
2025-12-03 11:10:16.308408,104.04587597986837,104.21599733890704,103.92746375134449,104.1212228541394,409
2025-12-03 11:11:16.308408,103.86269335690248,104.0590100756095,103.85604252974053,103.86460490409996,936
2025-12-03 11:12:16.308408,103.95387232770467,104.0922156121226,103.86086336834565,103.96914621598845,857
2025-12-03 11:13:16.308408,103.87768853073683,104.0083765721258,103.77007554474743,103.8704446148299,663
2025-12-03 11:14:16.308408,103.92684864837744,104.0463325417431,103.70806230168145,103.84861685465182,78
2025-12-03 11:15:16.308408,103.72132260743618,103.78643995556818,103.69304939464766,103.74570851708556,746
2025-12-03 11:16:16.308408,103.64718526512313,103.75525175639176,103.55108433544859,103.65166541030904,844
2025-12-03 11:17:16.308408,103.71143271643545,103.7578670518286,103.58380986172882,103.65254475144555,694
2025-12-03 11:18:16.308408,103.2582827768628,103.5338059062651,103.25126467819142,103.38664184171819,604
2025-12-03 11:19:16.308408,103.67977881487182,103.85781256706183,103.62624057400893,103.7750406207908,406
2025-12-03 11:20:16.308408,103.93773988154084,103.95545211083306,103.86895047728851,103.94613073416369,462
2025-12-03 11:21:16.308408,103.88804929221662,103.96775709376624,103.87559027185125,103.89662582206812,714
2025-12-03 11:22:16.308408,103.91291174139353,104.03960052270037,103.8433794253144,103.96720986041467,123
2025-12-03 11:23:16.308408,104.17849292633777,104.42649122941938,104.13808913281524,104.14350229659435,278
2025-12-03 11:24:16.308408,104.42539406589366,104.55897830272173,104.34632747415188,104.45006797706786,686
2025-12-03 11:25:16.308408,103.91194779841464,103.96834733550072,103.85997113471423,103.96125947690805,229
2025-12-03 11:26:16.308408,103.81299086648839,103.97596572198474,103.81211350266686,103.87806727198594,44
2025-12-03 11:27:16.308408,103.85911801414,103.99009692139717,103.77961128962214,103.87918595994887,593
2025-12-03 11:28:16.308408,104.18117491710314,104.36515672658817,104.17828707066317,104.23711440472864,637
2025-12-03 11:29:16.308408,104.17252953411614,104.20378165787092,104.0997651738736,104.17805629493661,76
2025-12-03 11:30:16.308408,104.49368159960935,104.72060844753838,104.39834958636669,104.55300462622736,658
2025-12-03 11:31:16.308408,104.21801388065258,104.4274799676258,104.18158004206248,104.21848399687681,141
2025-12-03 11:32:16.308408,103.94260753704138,104.13440297355052,103.83366643270891,104.00613764185988,879
2025-12-03 11:33:16.308408,103.8369857401164,103.96100641718425,103.81640231874067,103.89725200504718,900
2025-12-03 11:34:16.308408,103.84500514430725,104.06422463949954,103.77008112659719,103.84638137390958,666
2025-12-03 11:35:16.308408,104.06586320915875,104.23424822656071,103.95483783740553,104.03784855631788,106
2025-12-03 11:36:16.308408,104.32684495488824,104.34424565167804,104.31497106269606,104.32897225353959,355
2025-12-03 11:37:16.308408,104.41775597805311,104.58202823127753,104.19965461547056,104.41089160463521,92
2025-12-03 11:38:16.308408,104.74855357097253,104.75957841215195,104.69507148615271,104.70126703039313,729
2025-12-03 11:39:16.308408,104.85706273005547,104.89880653406205,104.67496383074841,104.8020426407345,941
2025-12-03 11:40:16.308408,104.60058460382203,104.68803265262837,104.45704236787626,104.57811080663787,972
2025-12-03 11:41:16.308408,104.62442797027157,104.76977307830671,104.58343554229059,104.66615565172803,799
2025-12-03 11:42:16.308408,104.63410092363836,104.69631946191677,104.53030595830722,104.6123298248052,143
2025-12-03 11:43:16.308408,104.34137198753434,104.62163402154707,104.2619413925029,104.39709537663406,23
2025-12-03 11:44:16.308408,104.24121145520041,104.35407164661102,104.23347029213872,104.28915967926856,233
2025-12-03 11:45:16.308408,104.33069073081663,104.37308017480042,104.25214278803368,104.29906960601373,300
2025-12-03 11:46:16.308408,104.0106261168843,104.09829794054852,103.86212523336677,104.06237064129941,407
2025-12-03 11:47:16.308408,104.14560805404442,104.26897424493481,104.09651773156119,104.16975020471563,368
2025-12-03 11:48:16.308408,103.89092341602104,103.91887358304108,103.75937519103135,103.88050645959768,174
2025-12-03 11:49:16.308408,103.57679759803203,103.58838444872137,103.41947007247421,103.57323501689648,827
2025-12-03 11:50:16.308408,103.50624458210591,103.52563828321483,103.35107805843224,103.49711039661088,550
2025-12-03 11:51:16.308408,103.42276095027206,103.48141714574975,103.32111680674997,103.44074036271172,891
2025-12-03 11:52:16.308408,103.49282249274351,103.58212098176743,103.46175879749981,103.46804295688632,507
2025-12-03 11:53:16.308408,103.54233513333085,103.56407315866882,103.41258392392325,103.51612744611751,790
2025-12-03 11:54:16.308408,103.44923079355746,103.71487794449237,103.26236589433151,103.42027813593319,711
2025-12-03 11:55:16.308408,103.5636919236388,103.77138582118315,103.46794247514916,103.53667488446689,415
2025-12-03 11:56:16.308408,103.62765677228494,103.62877787430688,103.41135058132865,103.57269679394443,691
2025-12-03 11:57:16.308408,104.03277806250415,104.13157859152867,103.99447708134723,104.01496069936792,270
2025-12-03 11:58:16.308408,103.92326742478474,104.06429918463863,103.8104405834299,103.89846290583966,336
2025-12-03 11:59:16.308408,103.84494107135444,103.97081552055583,103.82657001931108,103.869342108956,767
2025-12-03 12:00:16.308408,103.74965534381231,103.82505056450547,103.61087657264113,103.70680558988411,368
2025-12-03 12:01:16.308408,103.70130878989227,103.86127268979325,103.68648821262462,103.75274021883352,599
2025-12-03 12:02:16.308408,103.77288615403985,103.86166263860002,103.6479057170307,103.77647190421527,186
2025-12-03 12:03:16.308408,103.63044625466576,103.79646634797058,103.4322109118492,103.71288386761854,540
2025-12-03 12:04:16.308408,103.64850344069396,103.70480951043352,103.5501443269006,103.66456742012036,437
2025-12-03 12:05:16.308408,103.2531690748285,103.37260000690522,103.22216619044744,103.2980339516402,384
2025-12-03 12:06:16.308408,102.98608743386023,103.07325606288651,102.94602924186785,103.05993160779954,265
2025-12-03 12:07:16.308408,103.05546550907442,103.11623459365963,102.9334884889873,103.04386593895936,226
2025-12-03 12:08:16.308408,103.09414058670187,103.12318144897093,102.99410057565457,103.0855990083421,810
2025-12-03 12:09:16.308408,102.94787427128578,103.01916446905379,102.73730664828109,102.94779253930845,248
2025-12-03 12:10:16.308408,102.83408683353063,102.92906291715495,102.82812408750213,102.84969754014398,24
2025-12-03 12:11:16.308408,102.88609427498074,103.04759695052797,102.8687864060068,102.92519472585741,846
2025-12-03 12:12:16.308408,102.58865865868619,102.70522436810624,102.43152047278704,102.63501500069343,585
2025-12-03 12:13:16.308408,102.2845071678044,102.3553679938931,102.1967960355688,102.27190469278143,533
2025-12-03 12:14:16.308408,101.99738805384821,102.1521832977227,101.92791819796452,102.05963019772057,644
2025-12-03 12:15:16.308408,102.18293491025774,102.18672453075604,102.08819662575317,102.18605648073552,455
2025-12-03 12:16:16.308408,102.30203762977058,102.32379673658336,102.27190278273729,102.30583161790459,278
2025-12-03 12:17:16.308408,102.21665045920982,102.22829164339339,102.07410176048056,102.19238252016865,892
2025-12-03 12:18:16.308408,102.1855668295924,102.26310709698983,102.07002938730831,102.21370647407637,667
2025-12-03 12:19:16.308408,102.23248002985757,102.3808237664674,102.07957061397475,102.30919756001228,717
2025-12-03 12:20:16.308408,102.67959101807094,102.83539775922152,102.65509927006552,102.69993670975883,207
2025-12-03 12:21:16.308408,102.77816271658065,102.91486905676523,102.70067434132842,102.70345123842807,81
2025-12-03 12:22:16.308408,102.64715609186933,102.76392211635842,102.50650278158719,102.65868742285225,589
2025-12-03 12:23:16.308408,102.35260073532581,102.61502311456191,102.29475844293505,102.47474946416415,511
2025-12-03 12:24:16.308408,102.55956634072798,102.76115903085937,102.50900849626711,102.63549924826167,214
2025-12-03 12:25:16.308408,102.47208329033944,102.56072087733062,102.2921252346185,102.38236084488315,20
2025-12-03 12:26:16.308408,102.37741120466794,102.52066556212199,102.36972832121576,102.39528759654848,490
2025-12-03 12:27:16.308408,102.8559750057436,102.86635447099754,102.71608649184256,102.71743471756545,913
2025-12-03 12:28:16.308408,102.42411878583809,102.62176795559564,102.32079654974635,102.38391196648132,190
2025-12-03 12:29:16.308408,102.44386872865894,102.5550109869985,102.3323612680333,102.4379140912748,321
2025-12-03 12:30:16.308408,102.52924717714386,102.54170920303791,102.45743468575856,102.47139727422366,746
2025-12-03 12:31:16.308408,102.45691090553932,102.52783412663932,102.38937274765152,102.49392195269368,345
2025-12-03 12:32:16.308408,102.51752046692424,102.58771634315343,102.45901413385697,102.52172823282956,383
2025-12-03 12:33:16.308408,102.56001149804636,102.65307523605073,102.47714313621147,102.50481079160808,783
2025-12-03 12:34:16.308408,102.63169362056277,102.70291727804478,102.62140997988323,102.67181457608484,553
2025-12-03 12:35:16.308408,102.17620376087208,102.32652811179533,102.17449198383275,102.21629364491979,909
2025-12-03 12:36:16.308408,101.98656053703871,102.11200092023385,101.87986855816237,102.02699053912487,355
2025-12-03 12:37:16.308408,102.24836872414738,102.29401830416383,102.10718815196837,102.18840987338217,869
2025-12-03 12:38:16.308408,102.04518561996919,102.06859235561637,102.0088519567428,102.05246925560857,188
2025-12-03 12:39:16.308408,102.21986110961983,102.23065599346626,102.17409471565391,102.21525256882452,893
2025-12-03 12:40:16.308408,102.31702235885022,102.32946521726096,102.19867172520847,102.31613795171545,278
2025-12-03 12:41:16.308408,102.11168179732276,102.22146845832665,102.04777918895861,102.0591869000428,18
2025-12-03 12:42:16.308408,101.69587085969744,101.72959931851624,101.52826768257948,101.67270333950283,948
2025-12-03 12:43:16.308408,101.3929317666772,101.43197634815415,101.33293749137877,101.36547217046746,983
